nDateTime	Stress
2006-02-22	1.0
2006-02-23	0.0
2006-02-24	0.0
2006-02-25	0.0
2006-02-26	0.0
2006-02-27	0.0
2006-02-28	0.0
2006-03-01	1.0
2006-03-02	0.0
2006-03-03	0.0
2006-03-04	0.0
2006-03-05	0.0
2006-03-06	0.0
2006-03-07	0.0
2006-03-08	0.0
2006-03-09	0.0
2006-03-10	0.0
2006-03-11	0.0
2006-03-12	0.0
2006-03-13	0.0
2006-03-14	0.0
2006-03-15	0.0
2006-03-16	0.0
2006-03-17	0.0
2006-03-18	0.0
2006-03-19	0.0
2006-03-20	0.0
2006-03-21	0.0
2006-03-22	0.0
2006-03-23	0.0
2006-03-24	0.0
2006-03-25	0.0
2006-03-26	0.0
2006-03-27	0.0
2006-03-28	0.0
2006-03-29	0.0
2006-03-30	0.0
2006-03-31	0.0
2006-04-01	0.0
2006-04-02	0.0
2006-04-03	0.0
2006-04-04	1.0
2006-04-05	1.0
2006-04-06	0.0
2006-04-07	0.0
2006-04-08	0.0
2006-04-09	0.0
2006-04-10	0.0
2006-04-11	0.0
2006-04-12	0.6666666666666666
2006-04-13	0.0
2006-04-14	0.0
2006-04-15	0.0
2006-04-16	0.0
2006-04-17	0.3333333333333333
2006-04-18	0.0
2006-04-19	0.0
2006-04-20	0.0
2006-04-21	0.0
2006-04-22	0.0
2006-04-23	0.0
2006-04-24	0.0
2006-04-25	0.0
2006-04-26	0.0
2006-04-27	0.0
2006-04-28	0.0
2006-04-29	0.0
2006-04-30	0.0
2006-05-01	0.0
2006-05-02	0.0
2006-05-03	0.0
2006-05-04	0.0
2006-05-05	0.0
2006-05-06	0.0
2006-05-07	0.0
2006-05-08	0.3333333333333333
2006-05-09	0.0
2006-05-10	0.0
2006-05-11	0.0
2006-05-12	0.0
2006-05-13	0.0
2006-05-14	0.0
2006-05-15	0.0
2006-05-16	0.0
2006-05-17	0.0
2006-05-18	1.0
2006-05-19	0.0
2006-05-20	0.0
2006-05-21	0.0
2006-05-22	1.0
2006-05-23	0.2857142857142857
2006-05-24	0.5714285714285714
2006-05-25	0.0
2006-05-26	0.0
2006-05-27	0.0
2006-05-28	0.0
2006-05-29	0.0
2006-05-30	0.14285714285714285
2006-05-31	0.0
2006-06-01	0.2857142857142857
2006-06-02	0.2857142857142857
2006-06-03	0.0
2006-06-04	0.0
2006-06-05	0.2857142857142857
2006-06-06	0.42857142857142855
2006-06-07	1.0
2006-06-08	0.2
2006-06-09	0.0
2006-06-10	0.0
2006-06-11	0.0
2006-06-12	0.0
2006-06-13	0.0
2006-06-14	0.0
2006-06-15	0.0
2006-06-16	0.2
2006-06-17	0.0
2006-06-18	0.0
2006-06-19	0.0
2006-06-20	0.0
2006-06-21	0.0
2006-06-22	0.2
2006-06-23	0.0
2006-06-24	0.0
2006-06-25	0.0
2006-06-26	0.0
2006-06-27	0.0
2006-06-28	0.0
2006-06-29	0.2
2006-06-30	0.0
2006-07-01	0.0
2006-07-02	0.0
2006-07-03	0.0
2006-07-04	0.0
2006-07-05	0.8
2006-07-06	0.2
2006-07-07	0.0
2006-07-08	0.0
2006-07-09	0.0
2006-07-10	0.4
2006-07-11	0.2
2006-07-12	0.1
2006-07-13	0.8
2006-07-14	0.2
2006-07-15	0.0
2006-07-16	0.2
2006-07-17	0.0
2006-07-18	0.0
2006-07-19	0.0
2006-07-20	0.0
2006-07-21	0.0
2006-07-22	0.0
2006-07-23	0.0
2006-07-24	0.0
2006-07-25	0.0
2006-07-26	0.0
2006-07-27	0.2
2006-07-28	0.0
2006-07-29	0.0
2006-07-30	0.0
2006-07-31	0.0
2006-08-01	0.0
2006-08-02	0.0
2006-08-03	0.0
2006-08-04	0.2
2006-08-05	0.0
2006-08-06	0.0
2006-08-07	0.3
2006-08-08	0.0
2006-08-09	0.2
2006-08-10	0.1
2006-08-11	0.3
2006-08-12	0.0
2006-08-13	0.0
2006-08-14	0.5
2006-08-15	0.5
2006-08-16	0.5
2006-08-17	0.0
2006-08-18	0.0
2006-08-19	0.0
2006-08-20	0.0
2006-08-21	0.3
2006-08-22	0.1
2006-08-23	0.4
2006-08-24	0.0
2006-08-25	0.1
2006-08-26	0.0
2006-08-27	0.1
2006-08-28	1.0
2006-08-29	0.09090909090909091
2006-08-30	0.18181818181818182
2006-08-31	1.0
2006-09-01	0.45454545454545453
2006-09-02	0.09090909090909091
2006-09-03	0.0
2006-09-04	0.0
2006-09-05	0.18181818181818182
2006-09-06	0.0
2006-09-07	0.0
2006-09-08	0.0
2006-09-09	0.0
2006-09-10	0.0
2006-09-11	0.0
2006-09-12	0.09090909090909091
2006-09-13	0.09090909090909091
2006-09-14	0.0
2006-09-15	0.18181818181818182
2006-09-16	0.0
2006-09-17	0.0
2006-09-18	0.09090909090909091
2006-09-19	0.6363636363636364
2006-09-20	0.18181818181818182
2006-09-21	0.45454545454545453
2006-09-22	0.45454545454545453
2006-09-23	0.0
2006-09-24	0.0
2006-09-25	0.18181818181818182
2006-09-26	0.18181818181818182
2006-09-27	0.0
2006-09-28	0.09090909090909091
2006-09-29	1.0
2006-09-30	0.0
2006-10-01	0.07692307692307693
2006-10-02	0.15384615384615385
2006-10-03	0.07692307692307693
2006-10-04	0.38461538461538464
2006-10-05	0.38461538461538464
2006-10-06	0.07692307692307693
2006-10-07	0.0
2006-10-08	0.23076923076923078
2006-10-09	1.0
2006-10-10	0.15384615384615385
2006-10-11	0.46153846153846156
2006-10-12	0.5384615384615384
2006-10-13	0.0
2006-10-14	0.0
2006-10-15	0.0
2006-10-16	0.46153846153846156
2006-10-17	0.46153846153846156
2006-10-18	0.0
2006-10-19	0.0
2006-10-20	0.23076923076923078
2006-10-21	0.0
2006-10-22	0.0
2006-10-23	0.6153846153846154
2006-10-24	0.15384615384615385
2006-10-25	0.46153846153846156
2006-10-26	0.23076923076923078
2006-10-27	0.3076923076923077
2006-10-28	0.0
2006-10-29	0.0
2006-10-30	0.0
2006-10-31	0.23076923076923078
2006-11-01	0.0
2006-11-02	0.0
2006-11-03	0.23076923076923078
2006-11-04	0.15384615384615385
2006-11-05	0.15384615384615385
2006-11-06	0.0
2006-11-07	0.23076923076923078
2006-11-08	0.0
2006-11-09	0.15384615384615385
2006-11-10	0.3076923076923077
2006-11-11	0.15384615384615385
2006-11-12	0.0
2006-11-13	0.0
2006-11-14	0.3076923076923077
2006-11-15	0.23076923076923078
2006-11-16	0.3076923076923077
2006-11-17	0.07692307692307693
2006-11-18	0.0
2006-11-19	0.0
2006-11-20	0.15384615384615385
2006-11-21	0.0
2006-11-22	0.15384615384615385
2006-11-23	0.07692307692307693
2006-11-24	0.0
2006-11-25	0.0
2006-11-26	0.0
2006-11-27	0.23076923076923078
2006-11-28	0.3076923076923077
2006-11-29	0.6153846153846154
2006-11-30	0.23076923076923078
2006-12-01	0.0
2006-12-02	0.0
2006-12-03	0.0
2006-12-04	0.0
2006-12-05	0.6153846153846154
2006-12-06	0.38461538461538464
2006-12-07	0.23076923076923078
2006-12-08	0.0
2006-12-09	0.0
2006-12-10	0.0
2006-12-11	0.07692307692307693
2006-12-12	0.0
2006-12-13	0.0
2006-12-14	0.0
2006-12-15	0.23076923076923078
2006-12-16	0.0
2006-12-17	0.0
2006-12-18	0.0
2006-12-19	0.0
2006-12-20	0.0
2006-12-21	0.0
2006-12-22	0.0
2006-12-23	0.0
2006-12-24	0.0
2006-12-25	0.0
2006-12-26	0.0
2006-12-27	0.0
2006-12-28	0.0
2006-12-29	0.0
2006-12-30	0.0
2006-12-31	0.0
2007-01-01	0.0
2007-01-02	0.0
2007-01-03	0.3076923076923077
2007-01-04	0.0
2007-01-05	0.23076923076923078
2007-01-06	0.0
2007-01-07	0.23076923076923078
2007-01-08	1.0
2007-01-09	0.13333333333333333
2007-01-10	0.26666666666666666
2007-01-11	0.26666666666666666
2007-01-12	0.13333333333333333
2007-01-13	0.0
2007-01-14	0.0
2007-01-15	0.26666666666666666
2007-01-16	0.06666666666666667
2007-01-17	0.26666666666666666
2007-01-18	0.0
2007-01-19	0.26666666666666666
2007-01-20	0.06666666666666667
2007-01-21	0.4666666666666667
2007-01-22	0.26666666666666666
2007-01-23	0.3333333333333333
2007-01-24	0.3333333333333333
2007-01-25	0.06666666666666667
2007-01-26	0.6666666666666666
2007-01-27	0.2
2007-01-28	0.3333333333333333
2007-01-29	0.26666666666666666
2007-01-30	0.26666666666666666
2007-01-31	1.0
2007-02-01	1.0
2007-02-02	0.4230769230769231
2007-02-03	0.0
2007-02-04	0.15384615384615385
2007-02-05	0.38461538461538464
2007-02-06	0.2692307692307692
2007-02-07	0.0
2007-02-08	0.11538461538461539
2007-02-09	0.0
2007-02-10	0.0
2007-02-11	0.6538461538461539
2007-02-12	0.11538461538461539
2007-02-13	0.07692307692307693
2007-02-14	0.0
2007-02-15	0.0
2007-02-16	0.0
2007-02-17	0.0
2007-02-18	0.0
2007-02-19	0.07692307692307693
2007-02-20	0.0
2007-02-21	0.0
2007-02-22	0.15384615384615385
2007-02-23	0.038461538461538464
2007-02-24	0.0
2007-02-25	0.0
2007-02-26	0.038461538461538464
2007-02-27	0.0
2007-02-28	0.11538461538461539
2007-03-01	0.0
2007-03-02	1.0
2007-03-03	0.0
2007-03-04	0.0
2007-03-05	0.0
2007-03-06	0.13333333333333333
2007-03-07	0.23333333333333334
2007-03-08	0.5333333333333333
2007-03-09	0.06666666666666667
2007-03-10	0.0
2007-03-11	0.0
2007-03-12	0.13333333333333333
2007-03-13	0.3333333333333333
2007-03-14	0.13333333333333333
2007-03-15	0.13333333333333333
2007-03-16	0.13333333333333333
2007-03-17	0.06666666666666667
2007-03-18	0.0
2007-03-19	0.0
2007-03-20	0.16666666666666666
2007-03-21	0.0
2007-03-22	0.03333333333333333
2007-03-23	0.0
2007-03-24	0.0
2007-03-25	0.0
2007-03-26	0.1
2007-03-27	0.1
2007-03-28	0.0
2007-03-29	0.0
2007-03-30	0.1
2007-03-31	0.0
2007-04-01	0.06666666666666667
2007-04-02	0.4666666666666667
2007-04-03	0.03333333333333333
2007-04-04	0.0
2007-04-05	0.03333333333333333
2007-04-06	0.0
2007-04-07	0.0
2007-04-08	0.0
2007-04-09	0.13333333333333333
2007-04-10	0.0
2007-04-11	0.1
2007-04-12	0.03333333333333333
2007-04-13	0.0
2007-04-14	0.0
2007-04-15	0.0
2007-04-16	0.1
2007-04-17	0.0
2007-04-18	0.0
2007-04-19	0.0
2007-04-20	0.03333333333333333
2007-04-21	0.0
2007-04-22	0.0
2007-04-23	0.06666666666666667
2007-04-24	0.26666666666666666
2007-04-25	0.6
2007-04-26	0.13333333333333333
2007-04-27	0.03333333333333333
2007-04-28	0.0
2007-04-29	0.0
2007-04-30	0.03333333333333333
2007-05-01	0.0
2007-05-02	0.0
2007-05-03	0.06666666666666667
2007-05-04	0.23333333333333334
2007-05-05	0.0
2007-05-06	0.0
2007-05-07	0.0
2007-05-08	0.0
2007-05-09	0.0
2007-05-10	0.06666666666666667
2007-05-11	0.26666666666666666
2007-05-12	0.03333333333333333
2007-05-13	0.03333333333333333
2007-05-14	0.0
2007-05-15	0.4
2007-05-16	0.0
2007-05-17	0.0
2007-05-18	0.0
2007-05-19	0.0
2007-05-20	0.0
2007-05-21	0.23333333333333334
2007-05-22	0.03333333333333333
2007-05-23	0.13333333333333333
2007-05-24	0.0
2007-05-25	0.03333333333333333
2007-05-26	0.0
2007-05-27	0.0
2007-05-28	0.0
2007-05-29	0.0
2007-05-30	0.06666666666666667
2007-05-31	0.0
2007-06-01	0.0
2007-06-02	0.0
2007-06-03	0.0
2007-06-04	0.03333333333333333
2007-06-05	0.0
2007-06-06	0.0
2007-06-07	0.0
2007-06-08	0.03333333333333333
2007-06-09	0.0
2007-06-10	0.0
2007-06-11	0.0
2007-06-12	0.26666666666666666
2007-06-13	0.0
2007-06-14	0.0
2007-06-15	0.06666666666666667
2007-06-16	0.0
2007-06-17	0.0
2007-06-18	0.06666666666666667
2007-06-19	0.26666666666666666
2007-06-20	0.13333333333333333
2007-06-21	0.0
2007-06-22	0.16666666666666666
2007-06-23	0.0
2007-06-24	0.0
2007-06-25	0.2
2007-06-26	0.0
2007-06-27	0.0
2007-06-28	0.06666666666666667
2007-06-29	0.1
2007-06-30	0.0
2007-07-01	0.0
2007-07-02	0.1
2007-07-03	0.0
2007-07-04	0.0
2007-07-05	0.0
2007-07-06	0.0
2007-07-07	0.0
2007-07-08	0.0
2007-07-09	0.13333333333333333
2007-07-10	0.16666666666666666
2007-07-11	0.2
2007-07-12	0.0
2007-07-13	0.1
2007-07-14	0.0
2007-07-15	0.0
2007-07-16	0.06666666666666667
2007-07-17	0.0
2007-07-18	0.0
2007-07-19	0.03333333333333333
2007-07-20	0.0
2007-07-21	0.0
2007-07-22	0.0
2007-07-23	0.06666666666666667
2007-07-24	0.03333333333333333
2007-07-25	0.0
2007-07-26	0.0
2007-07-27	0.06666666666666667
2007-07-28	0.0
2007-07-29	0.03333333333333333
2007-07-30	0.03333333333333333
2007-07-31	0.0
2007-08-01	0.0
2007-08-02	0.03333333333333333
2007-08-03	0.0
2007-08-04	0.0
2007-08-05	0.0
2007-08-06	0.0
2007-08-07	0.3333333333333333
2007-08-08	0.06666666666666667
2007-08-09	0.2
2007-08-10	0.0
2007-08-11	0.0
2007-08-12	0.0
2007-08-13	0.03333333333333333
2007-08-14	0.0
2007-08-15	0.0
2007-08-16	0.06666666666666667
2007-08-17	0.16666666666666666
2007-08-18	0.0
2007-08-19	0.0
2007-08-20	0.3333333333333333
2007-08-21	0.3333333333333333
2007-08-22	0.2
2007-08-23	0.13333333333333333
2007-08-24	0.23333333333333334
2007-08-25	0.0
2007-08-26	0.06666666666666667
2007-08-27	0.23333333333333334
2007-08-28	0.06666666666666667
2007-08-29	0.2
2007-08-30	0.0
2007-08-31	0.0
2007-09-01	0.0
2007-09-02	0.0
2007-09-03	0.0
2007-09-04	0.13333333333333333
2007-09-05	0.1
2007-09-06	0.16666666666666666
2007-09-07	0.0
2007-09-08	0.0
2007-09-09	0.03333333333333333
2007-09-10	0.13333333333333333
2007-09-11	0.2
2007-09-12	0.23333333333333334
2007-09-13	0.2
2007-09-14	0.16666666666666666
2007-09-15	0.06666666666666667
2007-09-16	0.0
2007-09-17	0.23333333333333334
2007-09-18	0.0
2007-09-19	0.2
2007-09-20	0.2
2007-09-21	0.03333333333333333
2007-09-22	0.0
2007-09-23	0.0
2007-09-24	0.4
2007-09-25	0.1
2007-09-26	0.06666666666666667
2007-09-27	0.03333333333333333
2007-09-28	0.03333333333333333
2007-09-29	0.03333333333333333
2007-09-30	0.0
2007-10-01	0.0
2007-10-02	0.1
2007-10-03	0.06666666666666667
2007-10-04	0.03333333333333333
2007-10-05	0.0
2007-10-06	0.0
2007-10-07	0.0
2007-10-08	0.0
2007-10-09	0.16666666666666666
2007-10-10	0.06666666666666667
2007-10-11	0.06666666666666667
2007-10-12	0.3
2007-10-13	0.0
2007-10-14	0.0
2007-10-15	0.03333333333333333
2007-10-16	0.2
2007-10-17	0.1
2007-10-18	0.4666666666666667
2007-10-19	0.03333333333333333
2007-10-20	0.0
2007-10-21	0.0
2007-10-22	0.03333333333333333
2007-10-23	0.03333333333333333
2007-10-24	0.3
2007-10-25	0.0
2007-10-26	0.06666666666666667
2007-10-27	0.0
2007-10-28	0.0
2007-10-29	0.3333333333333333
2007-10-30	0.03333333333333333
2007-10-31	0.0
2007-11-01	0.13333333333333333
2007-11-02	0.0
2007-11-03	0.0
2007-11-04	0.0
2007-11-05	0.0
2007-11-06	0.0
2007-11-07	0.0
2007-11-08	0.0
2007-11-09	0.3333333333333333
2007-11-10	0.06666666666666667
2007-11-11	0.0
2007-11-12	0.1
2007-11-13	0.06666666666666667
2007-11-14	0.03333333333333333
2007-11-15	0.2
2007-11-16	0.0
2007-11-17	0.0
2007-11-18	0.0
2007-11-19	0.1
2007-11-20	0.0
2007-11-21	0.0
2007-11-22	0.0
2007-11-23	0.0
2007-11-24	0.0
2007-11-25	0.0
2007-11-26	0.3333333333333333
2007-11-27	0.16666666666666666
2007-11-28	0.06666666666666667
2007-11-29	0.06666666666666667
2007-11-30	0.0
2007-12-01	0.0
2007-12-02	0.0
2007-12-03	0.0
2007-12-04	0.26666666666666666
2007-12-05	0.2
2007-12-06	0.0
2007-12-07	0.06666666666666667
2007-12-08	0.0
2007-12-09	0.0
2007-12-10	0.13333333333333333
2007-12-11	0.1
2007-12-12	0.2
2007-12-13	0.5
2007-12-14	0.23333333333333334
2007-12-15	0.1
2007-12-16	0.0
2007-12-17	0.0
2007-12-18	0.13333333333333333
2007-12-19	0.1
2007-12-20	0.03333333333333333
2007-12-21	0.0
2007-12-22	0.0
2007-12-23	0.0
2007-12-24	0.0
2007-12-25	0.0
2007-12-26	0.0
2007-12-27	0.0
2007-12-28	0.0
2007-12-29	0.0
2007-12-30	0.06666666666666667
2007-12-31	0.1
2008-01-01	0.0
2008-01-02	0.1
2008-01-03	0.23333333333333334
2008-01-04	0.03333333333333333
2008-01-05	0.0
2008-01-06	0.06666666666666667
2008-01-07	0.3333333333333333
2008-01-08	0.2
2008-01-09	0.06666666666666667
2008-01-10	0.16666666666666666
2008-01-11	0.0
2008-01-12	0.0
2008-01-13	0.0
2008-01-14	0.03333333333333333
2008-01-15	0.36666666666666664
2008-01-16	0.26666666666666666
2008-01-17	0.03333333333333333
2008-01-18	0.3333333333333333
2008-01-19	0.0
2008-01-20	0.13333333333333333
2008-01-21	0.0
2008-01-22	0.0
2008-01-23	0.06666666666666667
2008-01-24	0.03333333333333333
2008-01-25	0.06666666666666667
2008-01-26	0.0
2008-01-27	0.0
2008-01-28	0.0
2008-01-29	0.0
2008-01-30	0.0
2008-01-31	0.06666666666666667
2008-02-01	0.06666666666666667
2008-02-02	0.0
2008-02-03	0.0
2008-02-04	0.03333333333333333
2008-02-05	0.06666666666666667
2008-02-06	0.03333333333333333
2008-02-07	0.03333333333333333
2008-02-08	0.0
2008-02-09	0.0
2008-02-10	0.0
2008-02-11	0.13333333333333333
2008-02-12	0.2
2008-02-13	0.5666666666666667
2008-02-14	0.6333333333333333
2008-02-15	0.16666666666666666
2008-02-16	0.13333333333333333
2008-02-17	0.0
2008-02-18	0.5
2008-02-19	0.5333333333333333
2008-02-20	0.5
2008-02-21	0.26666666666666666
2008-02-22	0.13333333333333333
2008-02-23	0.13333333333333333
2008-02-24	0.0
2008-02-25	0.7
2008-02-26	0.8666666666666667
2008-02-27	0.8666666666666667
2008-02-28	0.1
2008-02-29	0.1
2008-03-01	0.0
2008-03-02	0.0
2008-03-03	0.03333333333333333
2008-03-04	0.26666666666666666
2008-03-05	0.3
2008-03-06	0.3
2008-03-07	0.16666666666666666
2008-03-08	0.0
2008-03-09	0.0
2008-03-10	0.0
2008-03-11	0.0
2008-03-12	0.0
2008-03-13	0.26666666666666666
2008-03-14	0.0
2008-03-15	0.06666666666666667
2008-03-16	0.0
2008-03-17	0.0
2008-03-18	0.1
2008-03-19	0.3333333333333333
2008-03-20	0.06666666666666667
2008-03-21	0.2
2008-03-22	0.0
2008-03-23	0.0
2008-03-24	0.0
2008-03-25	0.0
2008-03-26	0.36666666666666664
2008-03-27	0.03333333333333333
2008-03-28	0.03333333333333333
2008-03-29	0.06666666666666667
2008-03-30	0.0
2008-03-31	0.16666666666666666
2008-04-01	0.13333333333333333
2008-04-02	0.13333333333333333
2008-04-03	0.16666666666666666
2008-04-04	0.4
2008-04-05	0.0
2008-04-06	0.0
2008-04-07	0.1
2008-04-08	0.13333333333333333
2008-04-09	0.0
2008-04-10	0.0
2008-04-11	0.0
2008-04-12	0.0
2008-04-13	0.0
2008-04-14	0.0
2008-04-15	0.2
2008-04-16	0.03333333333333333
2008-04-17	0.13333333333333333
2008-04-18	0.1
2008-04-19	0.0
2008-04-20	0.0
2008-04-21	0.13333333333333333
2008-04-22	0.0
2008-04-23	0.0
2008-04-24	0.0
2008-04-25	0.0
2008-04-26	0.0
2008-04-27	0.0
2008-04-28	0.0
2008-04-29	0.0
2008-04-30	0.0
2008-05-01	0.1
2008-05-02	0.0
2008-05-03	0.0
2008-05-04	0.0
2008-05-05	0.06666666666666667
2008-05-06	0.0
2008-05-07	0.13333333333333333
2008-05-08	0.03333333333333333
2008-05-09	0.16666666666666666
2008-05-10	0.0
2008-05-11	0.0
2008-05-12	0.03333333333333333
2008-05-13	0.0
2008-05-14	0.3
2008-05-15	0.0
2008-05-16	0.03333333333333333
2008-05-17	0.0
2008-05-18	0.0
2008-05-19	0.0
2008-05-20	0.0
2008-05-21	0.0
2008-05-22	0.0
2008-05-23	0.13333333333333333
2008-05-24	0.0
2008-05-25	0.03333333333333333
2008-05-26	0.03333333333333333
2008-05-27	0.2
2008-05-28	0.16666666666666666
2008-05-29	0.03333333333333333
2008-05-30	0.03333333333333333
2008-05-31	0.0
2008-06-01	0.0
2008-06-02	0.13333333333333333
2008-06-03	0.13333333333333333
2008-06-04	0.23333333333333334
2008-06-05	0.0
2008-06-06	0.16666666666666666
2008-06-07	0.0
2008-06-08	0.0
2008-06-09	0.0
2008-06-10	0.0
2008-06-11	0.1
2008-06-12	0.0
2008-06-13	0.0
2008-06-14	0.1
2008-06-15	0.0
2008-06-16	0.1
2008-06-17	0.13333333333333333
2008-06-18	0.0
2008-06-19	0.03333333333333333
2008-06-20	0.2
2008-06-21	0.16666666666666666
2008-06-22	0.0
2008-06-23	0.16666666666666666
2008-06-24	0.06666666666666667
2008-06-25	0.13333333333333333
2008-06-26	0.23333333333333334
2008-06-27	0.0
2008-06-28	0.0
2008-06-29	0.13333333333333333
2008-06-30	0.2
2008-07-01	0.1
2008-07-02	0.13333333333333333
2008-07-03	0.0
2008-07-04	0.0
2008-07-05	0.0
2008-07-06	0.0
2008-07-07	0.06666666666666667
2008-07-08	0.06666666666666667
2008-07-09	0.26666666666666666
2008-07-10	0.03333333333333333
2008-07-11	0.13333333333333333
2008-07-12	0.0
2008-07-13	0.0
2008-07-14	0.03333333333333333
2008-07-15	0.13333333333333333
2008-07-16	0.16666666666666666
2008-07-17	0.0
2008-07-18	0.06666666666666667
2008-07-19	0.03333333333333333
2008-07-20	0.0
2008-07-21	0.1
2008-07-22	0.06666666666666667
2008-07-23	0.03333333333333333
2008-07-24	0.06666666666666667
2008-07-25	0.03333333333333333
2008-07-26	0.0
2008-07-27	0.0
2008-07-28	0.0
2008-07-29	0.0
2008-07-30	0.16666666666666666
2008-07-31	0.23333333333333334
2008-08-01	0.26666666666666666
2008-08-02	0.0
2008-08-03	0.03333333333333333
2008-08-04	0.13333333333333333
2008-08-05	0.06666666666666667
2008-08-06	0.2
2008-08-07	0.23333333333333334
2008-08-08	0.5333333333333333
2008-08-09	0.0
2008-08-10	0.03333333333333333
2008-08-11	0.4
2008-08-12	0.03333333333333333
2008-08-13	0.06666666666666667
2008-08-14	0.5
2008-08-15	0.13333333333333333
2008-08-16	0.03333333333333333
2008-08-17	0.0
2008-08-18	0.13333333333333333
2008-08-19	0.0
2008-08-20	0.13333333333333333
2008-08-21	0.23333333333333334
2008-08-22	0.13333333333333333
2008-08-23	0.16666666666666666
2008-08-24	0.0
2008-08-25	0.6
2008-08-26	0.26666666666666666
2008-08-27	0.23333333333333334
2008-08-28	0.13333333333333333
2008-08-29	0.16666666666666666
2008-08-30	0.1
2008-08-31	0.06666666666666667
2008-09-01	0.03333333333333333
2008-09-02	0.0
2008-09-03	0.13333333333333333
2008-09-04	0.23333333333333334
2008-09-05	0.26666666666666666
2008-09-06	0.03333333333333333
2008-09-07	0.0
2008-09-08	0.13333333333333333
2008-09-09	0.1
2008-09-10	0.2
2008-09-11	0.4
2008-09-12	0.5
2008-09-13	0.0
2008-09-14	0.0
2008-09-15	0.0
2008-09-16	0.0
2008-09-17	0.03333333333333333
2008-09-18	0.0
2008-09-19	0.03333333333333333
2008-09-20	0.0
2008-09-21	0.0
2008-09-22	0.3
2008-09-23	0.0
2008-09-24	0.03333333333333333
2008-09-25	0.2
2008-09-26	0.03333333333333333
2008-09-27	0.0
2008-09-28	0.0
2008-09-29	0.16666666666666666
2008-09-30	0.0
2008-10-01	0.16666666666666666
2008-10-02	0.0
2008-10-03	0.06666666666666667
2008-10-04	0.0
2008-10-05	0.0
2008-10-06	0.2
2008-10-07	0.1
2008-10-08	0.36666666666666664
2008-10-09	0.6333333333333333
2008-10-10	0.2
2008-10-11	0.0
2008-10-12	0.0
2008-10-13	0.0
2008-10-14	0.7666666666666667
2008-10-15	0.5
2008-10-16	0.0
2008-10-17	0.0
2008-10-18	0.03333333333333333
2008-10-19	0.0
2008-10-20	0.03333333333333333
2008-10-21	0.13333333333333333
2008-10-22	0.0
2008-10-23	0.23333333333333334
2008-10-24	0.26666666666666666
2008-10-25	0.6333333333333333
2008-10-26	0.13333333333333333
2008-10-27	0.5
2008-10-28	0.4666666666666667
2008-10-29	0.1
2008-10-30	0.2
2008-10-31	0.3333333333333333
2008-11-01	0.0
2008-11-02	0.0
2008-11-03	0.3
2008-11-04	0.26666666666666666
2008-11-05	0.2
2008-11-06	0.0
2008-11-07	0.1
2008-11-08	0.0
2008-11-09	0.0
2008-11-10	0.23333333333333334
2008-11-11	0.5333333333333333
2008-11-12	0.16666666666666666
2008-11-13	0.26666666666666666
2008-11-14	0.1
2008-11-15	0.0
2008-11-16	0.03333333333333333
2008-11-17	0.06666666666666667
2008-11-18	0.4
2008-11-19	0.3333333333333333
2008-11-20	0.1
2008-11-21	0.26666666666666666
2008-11-22	0.1
2008-11-23	0.0
2008-11-24	0.1
2008-11-25	0.03333333333333333
2008-11-26	0.0
2008-11-27	0.0
2008-11-28	0.0
2008-11-29	0.03333333333333333
2008-11-30	0.03333333333333333
2008-12-01	0.5333333333333333
2008-12-02	0.16666666666666666
2008-12-03	0.8
2008-12-04	0.36666666666666664
2008-12-05	0.0
2008-12-06	0.0
2008-12-07	0.0
2008-12-08	0.1
2008-12-09	0.0
2008-12-10	0.13333333333333333
2008-12-11	0.03333333333333333
2008-12-12	0.03333333333333333
2008-12-13	0.0
2008-12-14	0.0
2008-12-15	0.06666666666666667
2008-12-16	0.36666666666666664
2008-12-17	0.13333333333333333
2008-12-18	0.16666666666666666
2008-12-19	0.0
2008-12-20	0.26666666666666666
2008-12-21	0.03333333333333333
2008-12-22	0.13333333333333333
2008-12-23	0.0
2008-12-24	0.0
2008-12-25	0.03333333333333333
2008-12-26	0.26666666666666666
2008-12-27	0.13333333333333333
2008-12-28	0.06666666666666667
2008-12-29	0.06666666666666667
2008-12-30	0.0
2008-12-31	0.0
2009-01-01	0.0
2009-01-02	0.13333333333333333
2009-01-03	0.0
2009-01-04	0.0
2009-01-05	0.23333333333333334
2009-01-06	0.16666666666666666
2009-01-07	0.2
2009-01-08	0.2
2009-01-09	0.13333333333333333
2009-01-10	0.0
2009-01-11	0.0
2009-01-12	0.43333333333333335
2009-01-13	0.1
2009-01-14	0.26666666666666666
2009-01-15	0.03333333333333333
2009-01-16	0.16666666666666666
2009-01-17	0.03333333333333333
2009-01-18	0.0
2009-01-19	0.0
2009-01-20	0.1
2009-01-21	0.06666666666666667
2009-01-22	0.3
2009-01-23	0.13333333333333333
2009-01-24	0.13333333333333333
2009-01-25	0.0
2009-01-26	0.0
2009-01-27	0.03333333333333333
2009-01-28	0.0
2009-01-29	0.23333333333333334
2009-01-30	0.43333333333333335
2009-01-31	0.0
2009-02-01	0.13333333333333333
2009-02-02	0.36666666666666664
2009-02-03	0.4666666666666667
2009-02-04	0.4
2009-02-05	1.0
2009-02-06	0.046511627906976744
2009-02-07	0.0
2009-02-08	0.0
2009-02-09	0.0
2009-02-10	0.11627906976744186
2009-02-11	0.16279069767441862
2009-02-12	0.023255813953488372
2009-02-13	0.09302325581395349
2009-02-14	0.023255813953488372
2009-02-15	0.0
2009-02-16	0.0
2009-02-17	0.023255813953488372
2009-02-18	0.0
2009-02-19	0.0
2009-02-20	0.0
2009-02-21	0.0
2009-02-22	0.0
2009-02-23	0.023255813953488372
2009-02-24	0.13953488372093023
2009-02-25	0.20930232558139536
2009-02-26	0.18604651162790697
2009-02-27	0.0
2009-02-28	0.0
2009-03-01	0.0
2009-03-02	0.0
2009-03-03	0.0
2009-03-04	0.023255813953488372
2009-03-05	0.0
2009-03-06	0.046511627906976744
2009-03-07	0.0
2009-03-08	0.0
2009-03-09	0.023255813953488372
2009-03-10	0.0
2009-03-11	0.27906976744186046
2009-03-12	0.06976744186046512
2009-03-13	0.0
2009-03-14	0.0
2009-03-15	0.0
2009-03-16	0.13953488372093023
2009-03-17	0.023255813953488372
2009-03-18	0.0
2009-03-19	0.0
2009-03-20	0.0
2009-03-21	0.046511627906976744
2009-03-22	0.0
2009-03-23	0.046511627906976744
2009-03-24	0.023255813953488372
2009-03-25	0.0
2009-03-26	0.023255813953488372
2009-03-27	0.09302325581395349
2009-03-28	0.20930232558139536
2009-03-29	0.0
2009-03-30	0.06976744186046512
2009-03-31	0.09302325581395349
2009-04-01	0.13953488372093023
2009-04-02	0.06976744186046512
2009-04-03	0.06976744186046512
2009-04-04	0.0
2009-04-05	0.0
2009-04-06	0.20930232558139536
2009-04-07	0.06976744186046512
2009-04-08	0.27906976744186046
2009-04-09	0.0
2009-04-10	0.0
2009-04-11	0.0
2009-04-12	0.0
2009-04-13	0.0
2009-04-14	0.023255813953488372
2009-04-15	0.09302325581395349
2009-04-16	0.046511627906976744
2009-04-17	0.0
2009-04-18	0.0
2009-04-19	0.0
2009-04-20	0.09302325581395349
2009-04-21	0.0
2009-04-22	0.0
2009-04-23	0.09302325581395349
2009-04-24	0.023255813953488372
2009-04-25	0.0
2009-04-26	0.0
2009-04-27	0.0
2009-04-28	0.18604651162790697
2009-04-29	0.046511627906976744
2009-04-30	0.18604651162790697
2009-05-01	0.023255813953488372
2009-05-02	0.0
2009-05-03	0.09302325581395349
2009-05-04	0.16279069767441862
2009-05-05	0.0
2009-05-06	0.0
2009-05-07	0.09302325581395349
2009-05-08	0.046511627906976744
2009-05-09	0.0
2009-05-10	0.0
2009-05-11	0.09302325581395349
2009-05-12	0.20930232558139536
2009-05-13	0.13953488372093023
2009-05-14	0.23255813953488372
2009-05-15	0.023255813953488372
2009-05-16	0.0
2009-05-17	0.0
2009-05-18	0.27906976744186046
2009-05-19	0.023255813953488372
2009-05-20	0.06976744186046512
2009-05-21	0.20930232558139536
2009-05-22	0.06976744186046512
2009-05-23	0.0
2009-05-24	0.0
2009-05-25	0.09302325581395349
2009-05-26	0.06976744186046512
2009-05-27	0.09302325581395349
2009-05-28	0.06976744186046512
2009-05-29	0.13953488372093023
2009-05-30	0.0
2009-05-31	0.0
2009-06-01	0.18604651162790697
2009-06-02	0.0
2009-06-03	0.046511627906976744
2009-06-04	0.023255813953488372
2009-06-05	0.09302325581395349
2009-06-06	0.0
2009-06-07	0.0
2009-06-08	0.023255813953488372
2009-06-09	0.0
2009-06-10	0.11627906976744186
2009-06-11	0.3953488372093023
2009-06-12	0.0
2009-06-13	0.16279069767441862
2009-06-14	0.2558139534883721
2009-06-15	0.0
2009-06-16	0.0
2009-06-17	0.023255813953488372
2009-06-18	0.023255813953488372
2009-06-19	0.0
2009-06-20	0.0
2009-06-21	0.0
2009-06-22	0.32558139534883723
2009-06-23	0.023255813953488372
2009-06-24	0.023255813953488372
2009-06-25	0.0
2009-06-26	0.06976744186046512
2009-06-27	0.0
2009-06-28	0.0
2009-06-29	0.046511627906976744
2009-06-30	0.0
2009-07-01	0.0
2009-07-02	0.046511627906976744
2009-07-03	0.0
2009-07-04	0.06976744186046512
2009-07-05	0.0
2009-07-06	0.0
2009-07-07	0.5581395348837209
2009-07-08	0.3023255813953488
2009-07-09	0.046511627906976744
2009-07-10	0.0
2009-07-11	0.0
2009-07-12	0.0
2009-07-13	0.16279069767441862
2009-07-14	0.0
2009-07-15	0.06976744186046512
2009-07-16	0.20930232558139536
2009-07-17	0.0
2009-07-18	0.0
2009-07-19	0.023255813953488372
2009-07-20	0.27906976744186046
2009-07-21	0.11627906976744186
2009-07-22	0.046511627906976744
2009-07-23	0.18604651162790697
2009-07-24	0.0
2009-07-25	0.0
2009-07-26	0.0
2009-07-27	0.023255813953488372
2009-07-28	0.3023255813953488
2009-07-29	0.023255813953488372
2009-07-30	0.023255813953488372
2009-07-31	0.023255813953488372
2009-08-01	0.0
2009-08-02	0.0
2009-08-03	0.046511627906976744
2009-08-04	0.06976744186046512
2009-08-05	0.0
2009-08-06	0.046511627906976744
2009-08-07	0.023255813953488372
2009-08-08	0.0
2009-08-09	0.0
2009-08-10	0.0
2009-08-11	0.046511627906976744
2009-08-12	0.11627906976744186
2009-08-13	0.11627906976744186
2009-08-14	0.023255813953488372
2009-08-15	0.0
2009-08-16	0.0
2009-08-17	0.046511627906976744
2009-08-18	0.0
2009-08-19	0.0
2009-08-20	0.023255813953488372
2009-08-21	0.046511627906976744
2009-08-22	0.0
2009-08-23	0.046511627906976744
2009-08-24	0.0
2009-08-25	0.0
2009-08-26	0.0
2009-08-27	0.06976744186046512
2009-08-28	0.0
2009-08-29	0.0
2009-08-30	0.0
2009-08-31	0.20930232558139536
2009-09-01	0.06976744186046512
2009-09-02	0.023255813953488372
2009-09-03	0.11627906976744186
2009-09-04	0.0
2009-09-05	0.0
2009-09-06	0.023255813953488372
2009-09-07	0.023255813953488372
2009-09-08	0.0
2009-09-09	0.0
2009-09-10	0.0
2009-09-11	0.023255813953488372
2009-09-12	0.0
2009-09-13	0.0
2009-09-14	0.09302325581395349
2009-09-15	0.0
2009-09-16	0.0
2009-09-17	0.0
2009-09-18	0.0
2009-09-19	0.0
2009-09-20	0.0
2009-09-21	0.2558139534883721
2009-09-22	0.16279069767441862
2009-09-23	0.046511627906976744
2009-09-24	0.0
2009-09-25	0.046511627906976744
2009-09-26	0.0
2009-09-27	0.0
2009-09-28	0.16279069767441862
2009-09-29	0.023255813953488372
2009-09-30	0.06976744186046512
2009-10-01	0.46511627906976744
2009-10-02	0.23255813953488372
2009-10-03	0.0
2009-10-04	0.023255813953488372
2009-10-05	0.3023255813953488
2009-10-06	0.023255813953488372
2009-10-07	0.046511627906976744
2009-10-08	0.13953488372093023
2009-10-09	0.023255813953488372
2009-10-10	0.06976744186046512
2009-10-11	0.0
2009-10-12	0.0
2009-10-13	0.13953488372093023
2009-10-14	0.5348837209302325
2009-10-15	0.046511627906976744
2009-10-16	0.06976744186046512
2009-10-17	0.023255813953488372
2009-10-18	0.0
2009-10-19	0.0
2009-10-20	0.023255813953488372
2009-10-21	0.0
2009-10-22	0.0
2009-10-23	0.20930232558139536
2009-10-24	0.0
2009-10-25	0.0
2009-10-26	0.046511627906976744
2009-10-27	0.18604651162790697
2009-10-28	0.0
2009-10-29	0.0
2009-10-30	0.11627906976744186
2009-10-31	0.0
2009-11-01	0.06976744186046512
2009-11-02	0.11627906976744186
2009-11-03	0.11627906976744186
2009-11-04	0.0
2009-11-05	0.37209302325581395
2009-11-06	0.023255813953488372
2009-11-07	0.0
2009-11-08	0.0
2009-11-09	0.16279069767441862
2009-11-10	0.3023255813953488
2009-11-11	0.37209302325581395
2009-11-12	0.3023255813953488
2009-11-13	0.046511627906976744
2009-11-14	0.046511627906976744
2009-11-15	0.0
2009-11-16	0.0
2009-11-17	0.06976744186046512
2009-11-18	0.20930232558139536
2009-11-19	0.2558139534883721
2009-11-20	0.11627906976744186
2009-11-21	0.023255813953488372
2009-11-22	0.046511627906976744
2009-11-23	0.09302325581395349
2009-11-24	0.11627906976744186
2009-11-25	0.06976744186046512
2009-11-26	0.0
2009-11-27	0.11627906976744186
2009-11-28	0.0
2009-11-29	0.0
2009-11-30	0.11627906976744186
2009-12-01	0.06976744186046512
2009-12-02	0.13953488372093023
2009-12-03	0.0
2009-12-04	0.0
2009-12-05	0.0
2009-12-06	0.0
2009-12-07	0.16279069767441862
2009-12-08	0.046511627906976744
2009-12-09	0.0
2009-12-10	0.06976744186046512
2009-12-11	0.023255813953488372
2009-12-12	0.0
2009-12-13	0.0
2009-12-14	0.23255813953488372
2009-12-15	0.0
2009-12-16	0.06976744186046512
2009-12-17	0.11627906976744186
2009-12-18	0.023255813953488372
2009-12-19	0.0
2009-12-20	0.0
2009-12-21	0.0
2009-12-22	0.06976744186046512
2009-12-23	0.0
2009-12-24	0.16279069767441862
2009-12-25	0.0
2009-12-26	0.0
2009-12-27	0.06976744186046512
2009-12-28	0.023255813953488372
2009-12-29	0.023255813953488372
2009-12-30	0.16279069767441862
2009-12-31	0.0
2010-01-01	0.0
2010-01-02	0.0
2010-01-03	0.0
2010-01-04	0.13953488372093023
2010-01-05	0.16279069767441862
2010-01-06	0.023255813953488372
2010-01-07	0.023255813953488372
2010-01-08	0.06976744186046512
2010-01-09	0.0
2010-01-10	0.0
2010-01-11	0.11627906976744186
2010-01-12	0.18604651162790697
2010-01-13	0.13953488372093023
2010-01-14	0.046511627906976744
2010-01-15	0.13953488372093023
2010-01-16	0.0
2010-01-17	0.0
2010-01-18	0.0
2010-01-19	0.09302325581395349
2010-01-20	0.046511627906976744
2010-01-21	0.046511627906976744
2010-01-22	0.0
2010-01-23	0.0
2010-01-24	0.0
2010-01-25	0.0
2010-01-26	0.023255813953488372
2010-01-27	0.09302325581395349
2010-01-28	0.046511627906976744
2010-01-29	0.023255813953488372
2010-01-30	0.046511627906976744
2010-01-31	0.0
2010-02-01	0.13953488372093023
2010-02-02	0.20930232558139536
2010-02-03	0.06976744186046512
2010-02-04	0.0
2010-02-05	0.023255813953488372
2010-02-06	0.06976744186046512
2010-02-07	0.0
2010-02-08	0.06976744186046512
2010-02-09	0.09302325581395349
2010-02-10	0.0
2010-02-11	0.16279069767441862
2010-02-12	0.18604651162790697
2010-02-13	0.023255813953488372
2010-02-14	0.0
2010-02-15	0.09302325581395349
2010-02-16	0.023255813953488372
2010-02-17	0.023255813953488372
2010-02-18	0.09302325581395349
2010-02-19	0.16279069767441862
2010-02-20	0.023255813953488372
2010-02-21	0.0
2010-02-22	0.0
2010-02-23	0.046511627906976744
2010-02-24	0.06976744186046512
2010-02-25	0.06976744186046512
2010-02-26	0.18604651162790697
2010-02-27	0.0
2010-02-28	0.046511627906976744
2010-03-01	0.06976744186046512
2010-03-02	0.13953488372093023
2010-03-03	0.09302325581395349
2010-03-04	0.06976744186046512
2010-03-05	0.09302325581395349
2010-03-06	0.16279069767441862
2010-03-07	0.023255813953488372
2010-03-08	0.023255813953488372
2010-03-09	0.046511627906976744
2010-03-10	0.046511627906976744
2010-03-11	0.0
2010-03-12	0.023255813953488372
2010-03-13	0.0
2010-03-14	0.13953488372093023
2010-03-15	0.06976744186046512
2010-03-16	0.06976744186046512
2010-03-17	0.046511627906976744
2010-03-18	0.023255813953488372
2010-03-19	0.06976744186046512
2010-03-20	0.0
2010-03-21	0.0
2010-03-22	0.06976744186046512
2010-03-23	0.023255813953488372
2010-03-24	0.023255813953488372
2010-03-25	0.046511627906976744
2010-03-26	0.0
2010-03-27	0.0
2010-03-28	0.046511627906976744
2010-03-29	0.023255813953488372
2010-03-30	0.18604651162790697
2010-03-31	0.046511627906976744
2010-04-01	0.09302325581395349
2010-04-02	0.11627906976744186
2010-04-03	0.16279069767441862
2010-04-04	0.023255813953488372
2010-04-05	0.0
2010-04-06	0.06976744186046512
2010-04-07	0.627906976744186
2010-04-08	0.627906976744186
2010-04-09	0.6976744186046512
2010-04-10	0.0
2010-04-11	0.0
2010-04-12	0.11627906976744186
2010-04-13	0.09302325581395349
2010-04-14	0.6744186046511628
2010-04-15	0.27906976744186046
2010-04-16	0.046511627906976744
2010-04-17	0.16279069767441862
2010-04-18	0.023255813953488372
2010-04-19	0.3953488372093023
2010-04-20	0.3488372093023256
2010-04-21	0.4883720930232558
2010-04-22	0.5116279069767442
2010-04-23	0.4418604651162791
2010-04-24	0.3488372093023256
2010-04-25	1.0
2010-04-26	1.0
2010-04-27	0.631578947368421
2010-04-28	0.0
2010-04-29	0.013157894736842105
2010-04-30	0.07894736842105263
2010-05-01	0.0
2010-05-02	0.0
2010-05-03	0.07894736842105263
2010-05-04	0.0
2010-05-05	0.013157894736842105
2010-05-06	0.013157894736842105
2010-05-07	0.013157894736842105
2010-05-08	0.0
2010-05-09	0.0
2010-05-10	0.05263157894736842
2010-05-11	0.07894736842105263
2010-05-12	0.039473684210526314
2010-05-13	0.10526315789473684
2010-05-14	0.02631578947368421
2010-05-15	0.11842105263157894
2010-05-16	0.013157894736842105
2010-05-17	0.07894736842105263
2010-05-18	0.10526315789473684
2010-05-19	0.18421052631578946
2010-05-20	0.02631578947368421
2010-05-21	0.07894736842105263
2010-05-22	0.0
2010-05-23	0.0
2010-05-24	0.10526315789473684
2010-05-25	0.02631578947368421
2010-05-26	0.02631578947368421
2010-05-27	0.0
2010-05-28	0.0
2010-05-29	0.0
2010-05-30	0.0
2010-05-31	0.0
2010-06-01	0.02631578947368421
2010-06-02	0.13157894736842105
2010-06-03	0.039473684210526314
2010-06-04	0.02631578947368421
2010-06-05	0.0
2010-06-06	0.0
2010-06-07	0.013157894736842105
2010-06-08	0.02631578947368421
2010-06-09	0.02631578947368421
2010-06-10	0.05263157894736842
2010-06-11	0.0
2010-06-12	0.0
2010-06-13	0.0
2010-06-14	0.14473684210526316
2010-06-15	0.0
2010-06-16	0.09210526315789473
2010-06-17	0.10526315789473684
2010-06-18	0.02631578947368421
2010-06-19	0.0
2010-06-20	0.0
2010-06-21	0.07894736842105263
2010-06-22	0.05263157894736842
2010-06-23	0.013157894736842105
2010-06-24	0.02631578947368421
2010-06-25	0.013157894736842105
2010-06-26	0.0
2010-06-27	0.0
2010-06-28	0.039473684210526314
2010-06-29	0.09210526315789473
2010-06-30	0.013157894736842105
2010-07-01	0.06578947368421052
2010-07-02	0.039473684210526314
2010-07-03	0.0
2010-07-04	0.0
2010-07-05	0.0
2010-07-06	0.013157894736842105
2010-07-07	0.0
2010-07-08	0.0
2010-07-09	0.0
2010-07-10	0.0
2010-07-11	0.0
2010-07-12	0.0
2010-07-13	0.07894736842105263
2010-07-14	0.039473684210526314
2010-07-15	0.0
2010-07-16	0.0
2010-07-17	0.0
2010-07-18	0.013157894736842105
2010-07-19	0.15789473684210525
2010-07-20	0.02631578947368421
2010-07-21	0.10526315789473684
2010-07-22	0.06578947368421052
2010-07-23	0.039473684210526314
2010-07-24	0.0
2010-07-25	0.013157894736842105
2010-07-26	0.039473684210526314
2010-07-27	0.0
2010-07-28	0.02631578947368421
2010-07-29	0.11842105263157894
2010-07-30	0.039473684210526314
2010-07-31	0.0
2010-08-01	0.0
2010-08-02	0.05263157894736842
2010-08-03	0.07894736842105263
2010-08-04	0.15789473684210525
2010-08-05	0.0
2010-08-06	0.039473684210526314
2010-08-07	0.0
2010-08-08	0.0
2010-08-09	0.11842105263157894
2010-08-10	0.0
2010-08-11	0.0
2010-08-12	0.0
2010-08-13	0.05263157894736842
2010-08-14	0.0
2010-08-15	0.0
2010-08-16	0.06578947368421052
2010-08-17	0.0
2010-08-18	0.21052631578947367
2010-08-19	0.40789473684210525
2010-08-20	0.14473684210526316
2010-08-21	0.0
2010-08-22	0.0
2010-08-23	0.013157894736842105
2010-08-24	0.13157894736842105
2010-08-25	0.05263157894736842
2010-08-26	0.0
2010-08-27	0.02631578947368421
2010-08-28	0.0
2010-08-29	0.02631578947368421
2010-08-30	0.5657894736842105
2010-08-31	0.039473684210526314
2010-09-01	0.18421052631578946
2010-09-02	0.11842105263157894
2010-09-03	0.0
2010-09-04	0.0
2010-09-05	0.0
2010-09-06	0.0
2010-09-07	0.0
2010-09-08	0.0
2010-09-09	0.15789473684210525
2010-09-10	0.02631578947368421
2010-09-11	0.0
2010-09-12	0.10526315789473684
2010-09-13	0.013157894736842105
2010-09-14	0.05263157894736842
2010-09-15	0.0
2010-09-16	0.10526315789473684
2010-09-17	0.3026315789473684
2010-09-18	0.0
2010-09-19	0.0
2010-09-20	0.0
2010-09-21	0.0
2010-09-22	0.039473684210526314
2010-09-23	0.039473684210526314
2010-09-24	0.0
2010-09-25	0.02631578947368421
2010-09-26	0.0
2010-09-27	0.06578947368421052
2010-09-28	0.14473684210526316
2010-09-29	0.2894736842105263
2010-09-30	0.039473684210526314
2010-10-01	0.013157894736842105
2010-10-02	0.02631578947368421
2010-10-03	0.0
2010-10-04	0.0
2010-10-05	0.0
2010-10-06	0.0
2010-10-07	0.09210526315789473
2010-10-08	0.13157894736842105
2010-10-09	0.039473684210526314
2010-10-10	0.0
2010-10-11	0.06578947368421052
2010-10-12	0.2236842105263158
2010-10-13	0.40789473684210525
2010-10-14	0.75
2010-10-15	0.039473684210526314
2010-10-16	0.013157894736842105
2010-10-17	0.0
2010-10-18	0.13157894736842105
2010-10-19	0.05263157894736842
2010-10-20	0.0
2010-10-21	0.013157894736842105
2010-10-22	0.0
2010-10-23	0.0
2010-10-24	0.0
2010-10-25	0.02631578947368421
2010-10-26	0.17105263157894737
2010-10-27	0.13157894736842105
2010-10-28	0.18421052631578946
2010-10-29	0.039473684210526314
2010-10-30	0.0
2010-10-31	0.0
2010-11-01	0.0
2010-11-02	0.039473684210526314
2010-11-03	0.0
2010-11-04	0.0
2010-11-05	0.0
2010-11-06	0.0
2010-11-07	0.0
2010-11-08	0.0
2010-11-09	0.039473684210526314
2010-11-10	0.06578947368421052
2010-11-11	0.0
2010-11-12	0.013157894736842105
2010-11-13	0.0
2010-11-14	0.0
2010-11-15	0.07894736842105263
2010-11-16	0.013157894736842105
2010-11-17	0.039473684210526314
2010-11-18	0.039473684210526314
2010-11-19	0.0
2010-11-20	0.0
2010-11-21	0.0
2010-11-22	0.013157894736842105
2010-11-23	0.013157894736842105
2010-11-24	0.013157894736842105
2010-11-25	0.0
2010-11-26	0.0
2010-11-27	0.02631578947368421
2010-11-28	0.02631578947368421
2010-11-29	0.10526315789473684
2010-11-30	0.039473684210526314
2010-12-01	0.0
2010-12-02	0.013157894736842105
2010-12-03	0.039473684210526314
2010-12-04	0.0
2010-12-05	0.0
2010-12-06	0.0
2010-12-07	0.013157894736842105
2010-12-08	0.05263157894736842
2010-12-09	0.013157894736842105
2010-12-10	0.0
2010-12-11	0.0
2010-12-12	0.0
2010-12-13	0.013157894736842105
2010-12-14	0.0
2010-12-15	0.02631578947368421
2010-12-16	0.05263157894736842
2010-12-17	0.11842105263157894
2010-12-18	0.0
2010-12-19	0.0
2010-12-20	0.07894736842105263
2010-12-21	0.0
2010-12-22	0.0
2010-12-23	0.0
2010-12-24	0.0
2010-12-25	0.0
2010-12-26	0.013157894736842105
2010-12-27	0.02631578947368421
2010-12-28	0.0
2010-12-29	0.0
2010-12-30	0.0
2010-12-31	0.0
2011-01-01	0.0
2011-01-02	0.0
2011-01-03	0.0
2011-01-04	0.0
2011-01-05	0.013157894736842105
2011-01-06	0.02631578947368421
2011-01-07	0.07894736842105263
2011-01-08	0.0
2011-01-09	0.0
2011-01-10	0.07894736842105263
2011-01-11	0.0
2011-01-12	0.0
2011-01-13	0.013157894736842105
2011-01-14	0.05263157894736842
2011-01-15	0.0
2011-01-16	0.0
2011-01-17	0.05263157894736842
2011-01-18	0.0
2011-01-19	0.0
2011-01-20	0.0
2011-01-21	0.0
2011-01-22	0.0
2011-01-23	0.0
2011-01-24	0.013157894736842105
2011-01-25	0.02631578947368421
2011-01-26	0.013157894736842105
2011-01-27	0.02631578947368421
2011-01-28	0.039473684210526314
2011-01-29	0.0
2011-01-30	0.0
2011-01-31	0.06578947368421052
2011-02-01	0.02631578947368421
2011-02-02	0.039473684210526314
2011-02-03	0.013157894736842105
2011-02-04	0.0
2011-02-05	0.0
2011-02-06	0.0
2011-02-07	0.039473684210526314
2011-02-08	0.013157894736842105
2011-02-09	0.05263157894736842
2011-02-10	0.039473684210526314
2011-02-11	0.05263157894736842
2011-02-12	0.0
2011-02-13	0.0
2011-02-14	0.013157894736842105
2011-02-15	0.07894736842105263
2011-02-16	0.05263157894736842
2011-02-17	0.039473684210526314
2011-02-18	0.07894736842105263
2011-02-19	0.039473684210526314
2011-02-20	0.0
2011-02-21	0.06578947368421052
2011-02-22	0.19736842105263158
2011-02-23	0.0
2011-02-24	0.0
2011-02-25	0.09210526315789473
2011-02-26	0.0
2011-02-27	0.0
2011-02-28	0.0
2011-03-01	0.06578947368421052
2011-03-02	0.02631578947368421
2011-03-03	0.02631578947368421
2011-03-04	0.0
2011-03-05	0.0
2011-03-06	0.0
2011-03-07	0.0
2011-03-08	0.02631578947368421
2011-03-09	0.0
2011-03-10	0.0
2011-03-11	0.013157894736842105
2011-03-12	0.0
2011-03-13	0.0
2011-03-14	0.0
2011-03-15	0.06578947368421052
2011-03-16	0.0
2011-03-17	0.02631578947368421
2011-03-18	0.0
2011-03-19	0.06578947368421052
2011-03-20	0.013157894736842105
2011-03-21	0.0
2011-03-22	0.013157894736842105
2011-03-23	0.0
2011-03-24	0.07894736842105263
2011-03-25	0.05263157894736842
2011-03-26	0.06578947368421052
2011-03-27	0.039473684210526314
2011-03-28	0.039473684210526314
2011-03-29	0.05263157894736842
2011-03-30	0.06578947368421052
2011-03-31	0.0
2011-04-01	0.0
2011-04-02	0.0
2011-04-03	0.013157894736842105
2011-04-04	0.0
2011-04-05	0.02631578947368421
2011-04-06	0.02631578947368421
2011-04-07	0.05263157894736842
2011-04-08	0.039473684210526314
2011-04-09	0.0
2011-04-10	0.0
2011-04-11	0.039473684210526314
2011-04-12	0.05263157894736842
2011-04-13	0.039473684210526314
2011-04-14	0.039473684210526314
2011-04-15	0.0
2011-04-16	0.0
2011-04-17	0.0
2011-04-18	0.02631578947368421
2011-04-19	0.0
2011-04-20	0.17105263157894737
2011-04-21	0.0
2011-04-22	0.0
2011-04-23	0.0
2011-04-24	0.0
2011-04-25	0.039473684210526314
2011-04-26	0.039473684210526314
2011-04-27	0.07894736842105263
2011-04-28	0.013157894736842105
2011-04-29	0.039473684210526314
2011-04-30	0.0
2011-05-01	0.05263157894736842
2011-05-02	0.10526315789473684
2011-05-03	0.05263157894736842
2011-05-04	0.05263157894736842
2011-05-05	0.0
2011-05-06	0.0
2011-05-07	0.0
2011-05-08	0.013157894736842105
2011-05-09	0.0
2011-05-10	0.07894736842105263
2011-05-11	0.013157894736842105
2011-05-12	0.15789473684210525
2011-05-13	0.05263157894736842
2011-05-14	0.0
2011-05-15	0.0
2011-05-16	0.0
2011-05-17	0.0
2011-05-18	0.0
2011-05-19	0.0
2011-05-20	0.06578947368421052
2011-05-21	0.0
2011-05-22	0.0
2011-05-23	0.013157894736842105
2011-05-24	0.06578947368421052
2011-05-25	0.13157894736842105
2011-05-26	0.05263157894736842
2011-05-27	0.039473684210526314
2011-05-28	0.0
2011-05-29	0.013157894736842105
2011-05-30	0.0
2011-05-31	0.06578947368421052
2011-06-01	0.0
2011-06-02	0.013157894736842105
2011-06-03	0.013157894736842105
2011-06-04	0.013157894736842105
2011-06-05	0.0
2011-06-06	0.0
2011-06-07	0.14473684210526316
2011-06-08	0.039473684210526314
2011-06-09	0.07894736842105263
2011-06-10	0.013157894736842105
2011-06-11	0.0
2011-06-12	0.0
2011-06-13	0.07894736842105263
2011-06-14	0.10526315789473684
2011-06-15	0.05263157894736842
2011-06-16	0.0
2011-06-17	0.14473684210526316
2011-06-18	0.0
2011-06-19	0.013157894736842105
2011-06-20	0.05263157894736842
2011-06-21	0.13157894736842105
2011-06-22	0.02631578947368421
2011-06-23	0.10526315789473684
2011-06-24	0.02631578947368421
2011-06-25	0.0
2011-06-26	0.0
2011-06-27	0.0
2011-06-28	0.06578947368421052
2011-06-29	0.07894736842105263
2011-06-30	0.18421052631578946
2011-07-01	0.013157894736842105
2011-07-02	0.0
2011-07-03	0.0
2011-07-04	0.013157894736842105
2011-07-05	0.09210526315789473
2011-07-06	0.06578947368421052
2011-07-07	0.02631578947368421
2011-07-08	0.0
2011-07-09	0.0
2011-07-10	0.05263157894736842
2011-07-11	0.06578947368421052
2011-07-12	0.05263157894736842
2011-07-13	0.013157894736842105
2011-07-14	0.0
2011-07-15	0.05263157894736842
2011-07-16	0.013157894736842105
2011-07-17	0.02631578947368421
2011-07-18	0.2236842105263158
2011-07-19	0.05263157894736842
2011-07-20	0.10526315789473684
2011-07-21	0.05263157894736842
2011-07-22	0.10526315789473684
2011-07-23	0.039473684210526314
2011-07-24	0.0
2011-07-25	0.0
2011-07-26	0.07894736842105263
2011-07-27	0.0
2011-07-28	0.0
2011-07-29	0.0
2011-07-30	0.0
2011-07-31	0.0
2011-08-01	0.013157894736842105
2011-08-02	0.0
2011-08-03	0.0
2011-08-04	0.013157894736842105
2011-08-05	0.05263157894736842
2011-08-06	0.0
2011-08-07	0.0
2011-08-08	0.013157894736842105
2011-08-09	0.10526315789473684
2011-08-10	0.039473684210526314
2011-08-11	0.013157894736842105
2011-08-12	0.06578947368421052
2011-08-13	0.0
2011-08-14	0.0
2011-08-15	0.013157894736842105
2011-08-16	0.013157894736842105
2011-08-17	0.02631578947368421
2011-08-18	0.013157894736842105
2011-08-19	0.02631578947368421
2011-08-20	0.06578947368421052
2011-08-21	0.0
2011-08-22	0.039473684210526314
2011-08-23	0.039473684210526314
2011-08-24	0.02631578947368421
2011-08-25	0.039473684210526314
2011-08-26	0.039473684210526314
2011-08-27	0.0
2011-08-28	0.013157894736842105
2011-08-29	0.02631578947368421
2011-08-30	0.013157894736842105
2011-08-31	0.039473684210526314
2011-09-01	0.013157894736842105
2011-09-02	0.013157894736842105
2011-09-03	0.0
2011-09-04	0.013157894736842105
2011-09-05	0.06578947368421052
2011-09-06	0.0
2011-09-07	0.05263157894736842
2011-09-08	0.0
2011-09-09	0.039473684210526314
2011-09-10	0.039473684210526314
2011-09-11	0.0
2011-09-12	0.14473684210526316
2011-09-13	0.02631578947368421
2011-09-14	0.05263157894736842
2011-09-15	0.14473684210526316
2011-09-16	0.05263157894736842
2011-09-17	0.09210526315789473
2011-09-18	0.013157894736842105
2011-09-19	0.06578947368421052
2011-09-20	0.06578947368421052
2011-09-21	0.0
2011-09-22	0.05263157894736842
2011-09-23	0.05263157894736842
2011-09-24	0.0
2011-09-25	0.0
2011-09-26	0.02631578947368421
2011-09-27	0.013157894736842105
2011-09-28	0.05263157894736842
2011-09-29	0.06578947368421052
2011-09-30	0.02631578947368421
2011-10-01	0.0
2011-10-02	0.0
2011-10-03	0.02631578947368421
2011-10-04	0.02631578947368421
2011-10-05	0.0
2011-10-06	0.013157894736842105
2011-10-07	0.0
2011-10-08	0.039473684210526314
2011-10-09	0.0
2011-10-10	0.039473684210526314
2011-10-11	0.09210526315789473
2011-10-12	0.09210526315789473
2011-10-13	0.27631578947368424
2011-10-14	0.0
2011-10-15	0.0
2011-10-16	0.0
2011-10-17	0.05263157894736842
2011-10-18	0.06578947368421052
2011-10-19	0.02631578947368421
2011-10-20	0.039473684210526314
2011-10-21	0.0
2011-10-22	0.0
2011-10-23	0.0
2011-10-24	0.13157894736842105
2011-10-25	0.0
2011-10-26	0.06578947368421052
2011-10-27	0.013157894736842105
2011-10-28	0.0
2011-10-29	0.0
2011-10-30	0.0
2011-10-31	0.0
2011-11-01	0.0
2011-11-02	0.0
2011-11-03	0.0
2011-11-04	0.013157894736842105
2011-11-05	0.0
2011-11-06	0.02631578947368421
2011-11-07	0.23684210526315788
2011-11-08	0.18421052631578946
2011-11-09	0.0
2011-11-10	0.0
2011-11-11	0.10526315789473684
2011-11-12	0.0
2011-11-13	0.0
2011-11-14	0.013157894736842105
2011-11-15	0.07894736842105263
2011-11-16	0.039473684210526314
2011-11-17	0.013157894736842105
2011-11-18	0.02631578947368421
2011-11-19	0.0
2011-11-20	0.0
2011-11-21	0.09210526315789473
2011-11-22	0.18421052631578946
2011-11-23	0.039473684210526314
2011-11-24	0.0
2011-11-25	0.0
2011-11-26	0.0
2011-11-27	0.0
2011-11-28	0.05263157894736842
2011-11-29	0.07894736842105263
2011-11-30	0.10526315789473684
2011-12-01	0.039473684210526314
2011-12-02	0.013157894736842105
2011-12-03	0.0
2011-12-04	0.013157894736842105
2011-12-05	0.039473684210526314
2011-12-06	0.0
2011-12-07	0.10526315789473684
2011-12-08	0.06578947368421052
2011-12-09	0.06578947368421052
2011-12-10	0.0
2011-12-11	0.0
2011-12-12	0.06578947368421052
2011-12-13	0.02631578947368421
2011-12-14	0.02631578947368421
2011-12-15	0.02631578947368421
2011-12-16	0.013157894736842105
2011-12-17	0.0
2011-12-18	0.0
2011-12-19	0.039473684210526314
2011-12-20	0.013157894736842105
2011-12-21	0.0
2011-12-22	0.013157894736842105
2011-12-23	0.0
2011-12-24	0.0
2011-12-25	0.0
2011-12-26	0.0
2011-12-27	0.0
2011-12-28	0.0
2011-12-29	0.013157894736842105
2011-12-30	0.039473684210526314
2011-12-31	0.0
2012-01-01	0.0
2012-01-02	0.039473684210526314
2012-01-03	0.07894736842105263
2012-01-04	0.02631578947368421
2012-01-05	0.06578947368421052
2012-01-06	0.013157894736842105
2012-01-07	0.02631578947368421
2012-01-08	0.0
2012-01-09	0.09210526315789473
2012-01-10	0.05263157894736842
2012-01-11	0.039473684210526314
2012-01-12	0.05263157894736842
2012-01-13	0.09210526315789473
2012-01-14	0.0
2012-01-15	0.0
2012-01-16	0.0
2012-01-17	0.06578947368421052
2012-01-18	0.05263157894736842
2012-01-19	0.2631578947368421
2012-01-20	0.07894736842105263
2012-01-21	0.0
2012-01-22	0.0
2012-01-23	0.0
2012-01-24	0.013157894736842105
2012-01-25	0.013157894736842105
2012-01-26	0.0
2012-01-27	0.0
2012-01-28	0.0
2012-01-29	0.0
2012-01-30	0.06578947368421052
2012-01-31	0.0
2012-02-01	0.0
2012-02-02	0.0
2012-02-03	0.19736842105263158
2012-02-04	0.0
2012-02-05	0.013157894736842105
2012-02-06	0.10526315789473684
2012-02-07	0.0
2012-02-08	0.06578947368421052
2012-02-09	0.05263157894736842
2012-02-10	0.013157894736842105
2012-02-11	0.0
2012-02-12	0.0
2012-02-13	0.0
2012-02-14	0.0
2012-02-15	0.0
2012-02-16	0.0
2012-02-17	0.0
2012-02-18	0.0
2012-02-19	0.0
2012-02-20	0.11842105263157894
2012-02-21	0.05263157894736842
2012-02-22	0.039473684210526314
2012-02-23	0.02631578947368421
2012-02-24	0.0
2012-02-25	0.0
2012-02-26	0.0
2012-02-27	0.0
2012-02-28	0.13157894736842105
2012-02-29	0.0
2012-03-01	0.02631578947368421
2012-03-02	0.0
2012-03-03	0.05263157894736842
2012-03-04	0.0
2012-03-05	0.02631578947368421
2012-03-06	0.02631578947368421
2012-03-07	0.10526315789473684
2012-03-08	0.0
2012-03-09	0.2894736842105263
2012-03-10	0.06578947368421052
2012-03-11	0.0
2012-03-12	0.2631578947368421
2012-03-13	0.2236842105263158
2012-03-14	0.11842105263157894
2012-03-15	0.18421052631578946
2012-03-16	0.0
2012-03-17	0.02631578947368421
2012-03-18	0.0
2012-03-19	0.11842105263157894
2012-03-20	0.0
2012-03-21	0.039473684210526314
2012-03-22	0.23684210526315788
2012-03-23	0.02631578947368421
2012-03-24	0.039473684210526314
2012-03-25	0.0
2012-03-26	0.013157894736842105
2012-03-27	0.0
2012-03-28	0.0
2012-03-29	0.09210526315789473
2012-03-30	0.02631578947368421
2012-03-31	0.0
2012-04-01	0.0
2012-04-02	0.013157894736842105
2012-04-03	0.0
2012-04-04	0.039473684210526314
2012-04-05	0.07894736842105263
2012-04-06	0.02631578947368421
2012-04-07	0.0
2012-04-08	0.0
2012-04-09	0.11842105263157894
2012-04-10	0.07894736842105263
2012-04-11	0.02631578947368421
2012-04-12	0.18421052631578946
2012-04-13	0.02631578947368421
2012-04-14	0.0
2012-04-15	0.0
2012-04-16	0.0
2012-04-17	0.0
2012-04-18	0.0
2012-04-19	0.0
2012-04-20	0.05263157894736842
2012-04-21	0.013157894736842105
2012-04-22	0.013157894736842105
2012-04-23	0.06578947368421052
2012-04-24	0.02631578947368421
2012-04-25	0.02631578947368421
2012-04-26	0.06578947368421052
2012-04-27	0.02631578947368421
2012-04-28	0.0
2012-04-29	0.0
2012-04-30	0.02631578947368421
2012-05-01	0.039473684210526314
2012-05-02	0.10526315789473684
2012-05-03	0.039473684210526314
2012-05-04	0.05263157894736842
2012-05-05	0.0
2012-05-06	0.0
2012-05-07	0.02631578947368421
2012-05-08	0.11842105263157894
2012-05-09	0.09210526315789473
2012-05-10	0.17105263157894737
2012-05-11	0.05263157894736842
2012-05-12	0.0
2012-05-13	0.0
2012-05-14	0.11842105263157894
2012-05-15	0.42105263157894735
2012-05-16	0.14473684210526316
2012-05-17	0.18421052631578946
2012-05-18	0.17105263157894737
2012-05-19	0.013157894736842105
2012-05-20	0.0
2012-05-21	0.06578947368421052
2012-05-22	0.18421052631578946
2012-05-23	0.2631578947368421
2012-05-24	0.09210526315789473
2012-05-25	0.07894736842105263
2012-05-26	0.0
2012-05-27	0.0
2012-05-28	0.0
2012-05-29	0.013157894736842105
2012-05-30	0.2236842105263158
2012-05-31	0.21052631578947367
2012-06-01	0.2631578947368421
2012-06-02	0.0
2012-06-03	0.013157894736842105
2012-06-04	0.05263157894736842
2012-06-05	0.06578947368421052
2012-06-06	0.2631578947368421
2012-06-07	0.15789473684210525
2012-06-08	0.39473684210526316
2012-06-09	0.09210526315789473
2012-06-10	0.0
2012-06-11	0.15789473684210525
2012-06-12	0.013157894736842105
2012-06-13	0.10526315789473684
2012-06-14	0.13157894736842105
2012-06-15	0.039473684210526314
2012-06-16	0.11842105263157894
2012-06-17	0.05263157894736842
2012-06-18	0.35526315789473684
2012-06-19	0.10526315789473684
2012-06-20	0.07894736842105263
2012-06-21	0.013157894736842105
2012-06-22	0.0
2012-06-23	0.0
2012-06-24	0.05263157894736842
2012-06-25	0.013157894736842105
2012-06-26	0.10526315789473684
2012-06-27	0.4605263157894737
2012-06-28	0.19736842105263158
2012-06-29	0.0
2012-06-30	0.0
2012-07-01	0.0
2012-07-02	0.039473684210526314
2012-07-03	0.013157894736842105
2012-07-04	0.0
2012-07-05	0.09210526315789473
2012-07-06	0.06578947368421052
2012-07-07	0.0
2012-07-08	0.039473684210526314
2012-07-09	0.07894736842105263
2012-07-10	0.21052631578947367
2012-07-11	0.10526315789473684
2012-07-12	0.02631578947368421
2012-07-13	0.11842105263157894
2012-07-14	0.0
2012-07-15	0.06578947368421052
2012-07-16	0.13157894736842105
2012-07-17	0.11842105263157894
2012-07-18	0.21052631578947367
2012-07-19	0.13157894736842105
2012-07-20	0.6447368421052632
2012-07-21	0.013157894736842105
2012-07-22	0.0
2012-07-23	0.07894736842105263
2012-07-24	0.02631578947368421
2012-07-25	0.039473684210526314
2012-07-26	0.07894736842105263
2012-07-27	0.40789473684210525
2012-07-28	0.0
2012-07-29	0.0
2012-07-30	0.42105263157894735
2012-07-31	0.14473684210526316
2012-08-01	0.75
2012-08-02	1.0
2012-08-03	0.7111111111111111
2012-08-04	0.4666666666666667
2012-08-05	0.14444444444444443
2012-08-06	0.6111111111111112
2012-08-07	0.12222222222222222
2012-08-08	0.3
2012-08-09	0.14444444444444443
2012-08-10	0.12222222222222222
2012-08-11	0.12222222222222222
2012-08-12	0.05555555555555555
2012-08-13	0.16666666666666666
2012-08-14	0.08888888888888889
2012-08-15	0.17777777777777778
2012-08-16	0.0
2012-08-17	0.011111111111111112
2012-08-18	0.0
2012-08-19	0.0
2012-08-20	0.5888888888888889
2012-08-21	0.0
2012-08-22	0.06666666666666667
2012-08-23	0.2111111111111111
2012-08-24	0.08888888888888889
2012-08-25	0.0
2012-08-26	0.0
2012-08-27	0.1
2012-08-28	0.13333333333333333
2012-08-29	0.14444444444444443
2012-08-30	0.06666666666666667
2012-08-31	0.08888888888888889
2012-09-01	0.0
2012-09-02	0.06666666666666667
2012-09-03	0.08888888888888889
2012-09-04	0.08888888888888889
2012-09-05	0.2111111111111111
2012-09-06	0.0
2012-09-07	0.13333333333333333
2012-09-08	0.07777777777777778
2012-09-09	0.022222222222222223
2012-09-10	0.12222222222222222
2012-09-11	0.2222222222222222
2012-09-12	0.13333333333333333
2012-09-13	0.0
2012-09-14	0.2
2012-09-15	0.011111111111111112
2012-09-16	0.0
2012-09-17	0.011111111111111112
2012-09-18	0.0
2012-09-19	0.011111111111111112
2012-09-20	0.06666666666666667
2012-09-21	0.2222222222222222
2012-09-22	0.0
2012-09-23	0.0
2012-09-24	0.18888888888888888
2012-09-25	0.1111111111111111
2012-09-26	0.13333333333333333
2012-09-27	0.03333333333333333
2012-09-28	0.011111111111111112
2012-09-29	0.0
2012-09-30	0.011111111111111112
2012-10-01	0.16666666666666666
2012-10-02	0.23333333333333334
2012-10-03	0.1
2012-10-04	0.08888888888888889
2012-10-05	0.08888888888888889
2012-10-06	0.0
2012-10-07	0.0
2012-10-08	0.011111111111111112
2012-10-09	0.23333333333333334
2012-10-10	0.08888888888888889
2012-10-11	0.03333333333333333
2012-10-12	0.14444444444444443
2012-10-13	0.022222222222222223
2012-10-14	0.0
2012-10-15	0.17777777777777778
2012-10-16	0.37777777777777777
2012-10-17	0.32222222222222224
2012-10-18	0.2111111111111111
2012-10-19	0.1
2012-10-20	0.011111111111111112
2012-10-21	0.0
2012-10-22	0.14444444444444443
2012-10-23	0.3333333333333333
2012-10-24	0.1
2012-10-25	0.07777777777777778
2012-10-26	0.23333333333333334
2012-10-27	0.12222222222222222
2012-10-28	0.011111111111111112
2012-10-29	0.011111111111111112
2012-10-30	0.011111111111111112
2012-10-31	0.1111111111111111
2012-11-01	0.32222222222222224
2012-11-02	0.1111111111111111
2012-11-03	0.011111111111111112
2012-11-04	0.011111111111111112
2012-11-05	0.12222222222222222
2012-11-06	0.16666666666666666
2012-11-07	0.1
2012-11-08	0.15555555555555556
2012-11-09	0.03333333333333333
2012-11-10	0.0
2012-11-11	0.0
2012-11-12	0.12222222222222222
2012-11-13	0.23333333333333334
2012-11-14	0.1111111111111111
2012-11-15	0.0
2012-11-16	0.1
2012-11-17	0.0
2012-11-18	0.03333333333333333
2012-11-19	0.05555555555555555
2012-11-20	0.022222222222222223
2012-11-21	0.0
2012-11-22	0.0
2012-11-23	0.0
2012-11-24	0.0
2012-11-25	0.05555555555555555
2012-11-26	0.08888888888888889
2012-11-27	0.05555555555555555
2012-11-28	0.13333333333333333
2012-11-29	0.06666666666666667
2012-11-30	0.06666666666666667
2012-12-01	0.0
2012-12-02	0.0
2012-12-03	0.2777777777777778
2012-12-04	0.08888888888888889
2012-12-05	0.044444444444444446
2012-12-06	0.2222222222222222
2012-12-07	0.26666666666666666
2012-12-08	0.0
2012-12-09	0.13333333333333333
2012-12-10	0.16666666666666666
2012-12-11	0.03333333333333333
2012-12-12	0.08888888888888889
2012-12-13	0.05555555555555555
2012-12-14	0.12222222222222222
2012-12-15	0.0
2012-12-16	0.0
2012-12-17	0.044444444444444446
2012-12-18	0.06666666666666667
2012-12-19	0.044444444444444446
2012-12-20	0.1
2012-12-21	0.0
2012-12-22	0.011111111111111112
2012-12-23	0.0
2012-12-24	0.0
2012-12-25	0.0
2012-12-26	0.0
2012-12-27	0.0
2012-12-28	0.03333333333333333
2012-12-29	0.0
2012-12-30	0.011111111111111112
2012-12-31	0.0
2013-01-01	0.011111111111111112
2013-01-02	0.07777777777777778
2013-01-03	0.03333333333333333
2013-01-04	0.15555555555555556
2013-01-05	0.0
2013-01-06	0.0
2013-01-07	0.011111111111111112
2013-01-08	0.03333333333333333
2013-01-09	0.3333333333333333
2013-01-10	0.1111111111111111
2013-01-11	0.1
2013-01-12	0.011111111111111112
2013-01-13	0.16666666666666666
2013-01-14	0.05555555555555555
2013-01-15	0.2111111111111111
2013-01-16	0.13333333333333333
2013-01-17	0.12222222222222222
2013-01-18	0.07777777777777778
2013-01-19	0.0
2013-01-20	0.0
2013-01-21	0.0
2013-01-22	0.26666666666666666
2013-01-23	0.18888888888888888
2013-01-24	0.4777777777777778
2013-01-25	0.34444444444444444
2013-01-26	0.03333333333333333
2013-01-27	0.03333333333333333
2013-01-28	0.17777777777777778
2013-01-29	0.05555555555555555
2013-01-30	0.0
2013-01-31	0.26666666666666666
2013-02-01	0.12222222222222222
2013-02-02	0.07777777777777778
2013-02-03	0.03333333333333333
2013-02-04	0.2222222222222222
2013-02-05	0.24444444444444444
2013-02-06	0.23333333333333334
2013-02-07	0.2111111111111111
2013-02-08	0.13333333333333333
2013-02-09	0.2111111111111111
2013-02-10	0.0
2013-02-11	0.12222222222222222
2013-02-12	0.07777777777777778
2013-02-13	0.24444444444444444
2013-02-14	0.16666666666666666
2013-02-15	0.05555555555555555
2013-02-16	0.0
2013-02-17	0.0
2013-02-18	0.011111111111111112
2013-02-19	0.12222222222222222
2013-02-20	0.2222222222222222
2013-02-21	0.2222222222222222
2013-02-22	0.2
2013-02-23	0.011111111111111112
2013-02-24	0.011111111111111112
2013-02-25	0.022222222222222223
2013-02-26	0.0
2013-02-27	0.03333333333333333
2013-02-28	0.16666666666666666
2013-03-01	0.13333333333333333
2013-03-02	0.0
2013-03-03	0.044444444444444446
2013-03-04	0.2777777777777778
2013-03-05	0.0
2013-03-06	0.03333333333333333
2013-03-07	0.044444444444444446
2013-03-08	0.03333333333333333
2013-03-09	0.07777777777777778
2013-03-10	0.0
2013-03-11	0.07777777777777778
2013-03-12	0.05555555555555555
2013-03-13	0.05555555555555555
2013-03-14	0.4111111111111111
2013-03-15	0.25555555555555554
2013-03-16	0.1
2013-03-17	0.0
2013-03-18	0.05555555555555555
2013-03-19	0.2222222222222222
2013-03-20	0.2
2013-03-21	0.1
2013-03-22	0.2111111111111111
2013-03-23	0.0
2013-03-24	0.0
2013-03-25	0.13333333333333333
2013-03-26	0.0
2013-03-27	0.1111111111111111
2013-03-28	0.4888888888888889
2013-03-29	0.022222222222222223
2013-03-30	0.0
2013-03-31	0.0
2013-04-01	0.15555555555555556
2013-04-02	0.15555555555555556
2013-04-03	0.0
2013-04-04	0.0
2013-04-05	0.05555555555555555
2013-04-06	0.0
2013-04-07	0.0
2013-04-08	0.011111111111111112
2013-04-09	0.12222222222222222
2013-04-10	0.08888888888888889
2013-04-11	0.12222222222222222
2013-04-12	0.06666666666666667
2013-04-13	0.0
2013-04-14	0.0
2013-04-15	0.022222222222222223
2013-04-16	0.06666666666666667
2013-04-17	0.05555555555555555
2013-04-18	0.05555555555555555
2013-04-19	0.044444444444444446
2013-04-20	0.0
2013-04-21	0.0
2013-04-22	0.044444444444444446
2013-04-23	0.011111111111111112
2013-04-24	0.13333333333333333
2013-04-25	0.2
2013-04-26	0.0
2013-04-27	0.0
2013-04-28	0.0
2013-04-29	0.06666666666666667
2013-04-30	0.07777777777777778
2013-05-01	0.03333333333333333
2013-05-02	0.05555555555555555
2013-05-03	0.044444444444444446
2013-05-04	0.0
2013-05-05	0.0
2013-05-06	0.16666666666666666
2013-05-07	0.0
2013-05-08	0.0
2013-05-09	0.13333333333333333
2013-05-10	0.011111111111111112
2013-05-11	0.0
2013-05-12	0.0
2013-05-13	0.044444444444444446
2013-05-14	0.022222222222222223
2013-05-15	0.16666666666666666
2013-05-16	0.044444444444444446
2013-05-17	0.03333333333333333
2013-05-18	0.0
2013-05-19	0.0
2013-05-20	0.022222222222222223
2013-05-21	0.06666666666666667
2013-05-22	0.05555555555555555
2013-05-23	0.2111111111111111
2013-05-24	0.2222222222222222
2013-05-25	0.03333333333333333
2013-05-26	0.0
2013-05-27	0.03333333333333333
2013-05-28	0.08888888888888889
2013-05-29	0.06666666666666667
2013-05-30	0.5444444444444444
2013-05-31	0.4444444444444444
2013-06-01	0.05555555555555555
2013-06-02	0.0
2013-06-03	0.1111111111111111
2013-06-04	0.08888888888888889
2013-06-05	0.15555555555555556
2013-06-06	0.06666666666666667
2013-06-07	0.011111111111111112
2013-06-08	0.0
2013-06-09	0.0
2013-06-10	0.07777777777777778
2013-06-11	0.3111111111111111
2013-06-12	0.2111111111111111
2013-06-13	0.1
2013-06-14	0.07777777777777778
2013-06-15	0.0
2013-06-16	0.0
2013-06-17	0.0
2013-06-18	0.1111111111111111
2013-06-19	0.0
2013-06-20	0.08888888888888889
2013-06-21	0.0
2013-06-22	0.03333333333333333
2013-06-23	0.0
2013-06-24	0.05555555555555555
2013-06-25	0.06666666666666667
2013-06-26	0.022222222222222223
2013-06-27	0.07777777777777778
2013-06-28	0.05555555555555555
2013-06-29	0.0
2013-06-30	0.0
2013-07-01	0.1
2013-07-02	0.2
2013-07-03	0.43333333333333335
2013-07-04	0.044444444444444446
2013-07-05	0.15555555555555556
2013-07-06	0.0
2013-07-07	0.0
2013-07-08	0.25555555555555554
2013-07-09	0.34444444444444444
2013-07-10	0.14444444444444443
2013-07-11	0.2
2013-07-12	0.12222222222222222
2013-07-13	0.022222222222222223
2013-07-14	0.022222222222222223
2013-07-15	0.06666666666666667
2013-07-16	0.0
2013-07-17	0.03333333333333333
2013-07-18	0.011111111111111112
2013-07-19	0.03333333333333333
2013-07-20	0.022222222222222223
2013-07-21	0.0
2013-07-22	0.07777777777777778
2013-07-23	0.044444444444444446
2013-07-24	0.13333333333333333
2013-07-25	0.1
2013-07-26	0.23333333333333334
2013-07-27	0.0
2013-07-28	0.0
2013-07-29	0.0
2013-07-30	0.0
2013-07-31	0.05555555555555555
2013-08-01	0.022222222222222223
2013-08-02	0.08888888888888889
2013-08-03	0.0
2013-08-04	0.0
2013-08-05	0.0
2013-08-06	0.022222222222222223
2013-08-07	0.06666666666666667
2013-08-08	0.011111111111111112
2013-08-09	0.044444444444444446
2013-08-10	0.07777777777777778
2013-08-11	0.011111111111111112
2013-08-12	0.06666666666666667
2013-08-13	0.03333333333333333
2013-08-14	0.07777777777777778
2013-08-15	0.16666666666666666
2013-08-16	0.18888888888888888
2013-08-17	0.0
2013-08-18	0.0
2013-08-19	0.05555555555555555
2013-08-20	0.1
2013-08-21	0.12222222222222222
2013-08-22	0.3111111111111111
2013-08-23	0.3888888888888889
2013-08-24	0.0
2013-08-25	0.0
2013-08-26	0.05555555555555555
2013-08-27	0.06666666666666667
2013-08-28	0.05555555555555555
2013-08-29	0.25555555555555554
2013-08-30	0.15555555555555556
2013-08-31	0.0
2013-09-01	0.1
2013-09-02	0.011111111111111112
2013-09-03	0.3111111111111111
2013-09-04	0.13333333333333333
2013-09-05	0.4888888888888889
2013-09-06	0.3111111111111111
2013-09-07	0.5444444444444444
2013-09-08	0.5444444444444444
2013-09-09	0.23333333333333334
2013-09-10	0.13333333333333333
2013-09-11	0.17777777777777778
2013-09-12	0.2222222222222222
2013-09-13	0.2222222222222222
2013-09-14	0.03333333333333333
2013-09-15	0.0
2013-09-16	0.08888888888888889
2013-09-17	0.14444444444444443
2013-09-18	0.13333333333333333
2013-09-19	0.2
2013-09-20	0.08888888888888889
2013-09-21	0.0
2013-09-22	0.0
2013-09-23	0.05555555555555555
2013-09-24	0.15555555555555556
2013-09-25	0.16666666666666666
2013-09-26	0.1111111111111111
2013-09-27	0.13333333333333333
2013-09-28	0.044444444444444446
2013-09-29	0.0
2013-09-30	0.05555555555555555
2013-10-01	0.37777777777777777
2013-10-02	0.07777777777777778
2013-10-03	0.0
2013-10-04	0.03333333333333333
2013-10-05	0.15555555555555556
2013-10-06	0.2
2013-10-07	0.16666666666666666
2013-10-08	0.24444444444444444
2013-10-09	0.17777777777777778
2013-10-10	0.16666666666666666
2013-10-11	0.08888888888888889
2013-10-12	0.0
2013-10-13	0.0
2013-10-14	0.25555555555555554
2013-10-15	0.2222222222222222
2013-10-16	0.2222222222222222
2013-10-17	0.2777777777777778
2013-10-18	0.044444444444444446
2013-10-19	0.0
2013-10-20	0.011111111111111112
2013-10-21	0.08888888888888889
2013-10-22	0.15555555555555556
2013-10-23	0.3333333333333333
2013-10-24	0.18888888888888888
2013-10-25	0.34444444444444444
2013-10-26	0.2222222222222222
2013-10-27	0.0
2013-10-28	0.044444444444444446
2013-10-29	0.05555555555555555
2013-10-30	0.13333333333333333
2013-10-31	0.022222222222222223
2013-11-01	0.06666666666666667
2013-11-02	0.0
2013-11-03	0.0
2013-11-04	0.044444444444444446
2013-11-05	0.044444444444444446
2013-11-06	0.12222222222222222
2013-11-07	0.15555555555555556
2013-11-08	0.3888888888888889
2013-11-09	0.044444444444444446
2013-11-10	0.0
2013-11-11	0.35555555555555557
2013-11-12	0.06666666666666667
2013-11-13	0.06666666666666667
2013-11-14	0.14444444444444443
2013-11-15	0.05555555555555555
2013-11-16	0.011111111111111112
2013-11-17	0.0
2013-11-18	0.022222222222222223
2013-11-19	0.03333333333333333
2013-11-20	0.08888888888888889
2013-11-21	0.07777777777777778
2013-11-22	0.25555555555555554
2013-11-23	0.06666666666666667
2013-11-24	0.3333333333333333
2013-11-25	0.2222222222222222
2013-11-26	0.07777777777777778
2013-11-27	0.1111111111111111
2013-11-28	0.044444444444444446
2013-11-29	0.05555555555555555
2013-11-30	0.0
2013-12-01	0.05555555555555555
2013-12-02	0.2777777777777778
2013-12-03	0.13333333333333333
2013-12-04	0.32222222222222224
2013-12-05	0.4444444444444444
2013-12-06	0.28888888888888886
2013-12-07	0.044444444444444446
2013-12-08	0.0
2013-12-09	0.1111111111111111
2013-12-10	0.16666666666666666
2013-12-11	0.3
2013-12-12	0.16666666666666666
2013-12-13	0.14444444444444443
2013-12-14	0.0
2013-12-15	0.0
2013-12-16	0.1
2013-12-17	0.08888888888888889
2013-12-18	0.2111111111111111
2013-12-19	0.05555555555555555
2013-12-20	0.12222222222222222
2013-12-21	0.011111111111111112
2013-12-22	0.044444444444444446
2013-12-23	0.13333333333333333
2013-12-24	0.0
2013-12-25	0.0
2013-12-26	0.022222222222222223
2013-12-27	0.15555555555555556
2013-12-28	0.044444444444444446
2013-12-29	0.05555555555555555
2013-12-30	0.1111111111111111
2013-12-31	0.05555555555555555
2014-01-01	0.06666666666666667
2014-01-02	0.07777777777777778
2014-01-03	0.1
2014-01-04	0.03333333333333333
2014-01-05	0.15555555555555556
2014-01-06	0.3
2014-01-07	0.1111111111111111
2014-01-08	0.05555555555555555
2014-01-09	0.05555555555555555
2014-01-10	0.14444444444444443
2014-01-11	0.0
2014-01-12	0.03333333333333333
2014-01-13	0.3111111111111111
2014-01-14	0.15555555555555556
2014-01-15	0.12222222222222222
2014-01-16	0.16666666666666666
2014-01-17	0.25555555555555554
2014-01-18	0.0
2014-01-19	0.0
2014-01-20	0.12222222222222222
2014-01-21	0.06666666666666667
2014-01-22	0.15555555555555556
2014-01-23	0.1111111111111111
2014-01-24	0.3
2014-01-25	0.06666666666666667
2014-01-26	0.011111111111111112
2014-01-27	0.16666666666666666
2014-01-28	0.14444444444444443
2014-01-29	0.06666666666666667
2014-01-30	0.16666666666666666
2014-01-31	0.08888888888888889
2014-02-01	0.1111111111111111
2014-02-02	0.05555555555555555
2014-02-03	0.2111111111111111
2014-02-04	0.022222222222222223
2014-02-05	0.03333333333333333
2014-02-06	0.03333333333333333
2014-02-07	0.1
2014-02-08	0.1
2014-02-09	0.022222222222222223
2014-02-10	0.2777777777777778
2014-02-11	0.08888888888888889
2014-02-12	0.07777777777777778
2014-02-13	0.17777777777777778
2014-02-14	0.28888888888888886
2014-02-15	0.0
2014-02-16	0.044444444444444446
2014-02-17	0.16666666666666666
2014-02-18	0.25555555555555554
2014-02-19	0.05555555555555555
2014-02-20	0.13333333333333333
2014-02-21	0.2222222222222222
2014-02-22	0.022222222222222223
2014-02-23	0.0
2014-02-24	0.14444444444444443
2014-02-25	0.14444444444444443
2014-02-26	0.23333333333333334
2014-02-27	0.2111111111111111
2014-02-28	0.13333333333333333
2014-03-01	0.0
2014-03-02	0.0
2014-03-03	0.08888888888888889
2014-03-04	0.06666666666666667
2014-03-05	0.044444444444444446
2014-03-06	0.08888888888888889
2014-03-07	0.17777777777777778
2014-03-08	0.011111111111111112
2014-03-09	0.0
2014-03-10	0.17777777777777778
2014-03-11	0.06666666666666667
2014-03-12	0.15555555555555556
2014-03-13	0.2
2014-03-14	0.13333333333333333
2014-03-15	0.0
2014-03-16	0.0
2014-03-17	0.17777777777777778
2014-03-18	0.1111111111111111
2014-03-19	0.13333333333333333
2014-03-20	0.13333333333333333
2014-03-21	0.13333333333333333
2014-03-22	0.022222222222222223
2014-03-23	0.011111111111111112
2014-03-24	0.26666666666666666
2014-03-25	0.044444444444444446
2014-03-26	0.03333333333333333
2014-03-27	0.1111111111111111
2014-03-28	0.16666666666666666
2014-03-29	0.1
2014-03-30	0.0
2014-03-31	0.2777777777777778
2014-04-01	0.5
2014-04-02	0.044444444444444446
2014-04-03	0.35555555555555557
2014-04-04	0.3333333333333333
2014-04-05	0.044444444444444446
2014-04-06	0.0
2014-04-07	0.13333333333333333
2014-04-08	0.18888888888888888
2014-04-09	0.28888888888888886
2014-04-10	0.03333333333333333
2014-04-11	0.011111111111111112
2014-04-12	0.0
2014-04-13	0.0
2014-04-14	0.13333333333333333
2014-04-15	0.24444444444444444
2014-04-16	0.1111111111111111
2014-04-17	0.022222222222222223
2014-04-18	0.07777777777777778
2014-04-19	0.022222222222222223
2014-04-20	0.0
2014-04-21	0.0
2014-04-22	0.1111111111111111
2014-04-23	0.5555555555555556
2014-04-24	0.2111111111111111
2014-04-25	0.03333333333333333
